obs, time, Delta, Theta, Alpha1, Alpha2, Beta1, Beta2, Gamma1, Gamma2, Attention, Meditation, Derived, totPwr, class 
1, 4.0, 845243, 61319, 246664, 76978, 74747, 40209, 37215, 21672, NA, NA, NA, 1404047,  X*
2, 5.0, 157062, 31046, 7803, 3284, 1805, 5913, 3874, 947, NA, NA, NA, 211734,  X*
3, 6.0, 36963, 64080, 12185, 14858, 34515, 21555, 31909, 7281, NA, NA, NA, 223346,  X*
4, 7.0, 98167, 29637, 7005, 18445, 6919, 18695, 22678, 16985, 51, 38, NA, 218531,  X*
5, 8.0, 1527454, 98280, 21152, 15214, 5661, 20442, 29719, 13671, 48, 30, NA, 1731593,  X*
6, 9.0, 107959, 27336, 8036, 11368, 15669, 34091, 12604, 11098, 70, 24, NA, 228161,  X*
7, 10.0, 5069, 15830, 3813, 6987, 25483, 20978, 20032, 5753, 94, 13, NA, 103945,  X*
8, 11.0, 947821, 57684, 11432, 10568, 14815, 18836, 22238, 8380, 87, 7, NA, 1091774,  X*
9, 12.0, 440451, 47198, 13317, 6098, 20775, 14551, 16296, 8693, 93, 4, NA, 567379,  X*
10, 13.0, 32198, 16352, 8885, 4970, 11448, 37399, 7321, 6764, 93, 3, NA, 125337,  X*
11, 14.0, 22645, 11790, 7028, 15118, 7854, 51996, 18184, 15162, 93, 8, NA, 149777,  X*
12, 15.0, 306926, 289533, 44768, 28016, 6754, 30625, 18128, 14429, 75, 8, NA, 739179,  X*
13, 16.0, 11811, 6166, 12967, 9419, 8791, 30104, 26734, 9900, 93, 14, NA, 115892,  X*
14, 17.0, 8437, 8612, 19769, 4206, 8013, 13324, 22420, 7767, 78, 27, NA, 92548,  X*
15, 18.0, 235957, 82931, 35129, 43721, 5127, 12256, 5864, 3731, 40, 38, NA, 424716,  X*
16, 19.0, 761901, 54741, 19608, 4146, 3858, 6028, 2361, 692, 38, 43, NA, 853335,  X*
17, 20.0, 56336, 60485, 7010, 18489, 11784, 6127, 4084, 1419, 1, 40, NA, 165734,  X*
18, 21.0, 7678, 31362, 12001, 3199, 9025, 12146, 5309, 1813, 1, 29, NA, 82533,  X*
19, 22.0, 185999, 10404, 1009, 867, 709, 427, 374, 244, 1, 13, NA, 200033,  X*
20, 23.0, 28784, 23458, 30464, 31162, 7311, 3607, 2770, 3439, 1, 29, NA, 130995,  X*
21, 24.0, 123915, 97033, 15422, 28521, 24567, 36910, 11392, 2372, 10, 27, NA, 340132,  X*
22, 25.0, 456397, 23272, 13402, 16858, 4175, 4106, 2998, 5757, 1, 40, NA, 526965,  X*
23, 26.0, 155964, 56282, 9143, 4818, 3780, 15323, 8248, 3055, 17, 41, NA, 256613,  X*
24, 27.0, 1639656, 205509, 52007, 62144, 33135, 45279, 12107, 10997, 34, 24, NA, 2060834,  X*
25, 28.0, 174979, 18955, 1070, 9102, 8823, 10732, 5725, 3206, 35, 24, NA, 232592,  X*
26, 29.0, 275417, 41033, 10700, 1948, 2922, 7181, 3584, 2819, 41, 11, NA, 345604,  X*
27, 30.0, 15090, 6634, 30571, 7613, 30513, 29241, 16468, 19578, 54, 23, NA, 155708,  X*
28, 31.0, 196484, 23929, 14519, 258, 3851, 8641, 5582, 3739, 60, 23, NA, 257003,  X*
29, 32.0, 1275746, 115581, 62194, 33724, 4758, 40918, 15147, 23500, 53, 30, NA, 1571568,  X*
30, 33.0, 677897, 112422, 34883, 8529, 29509, 55166, 19945, 13510, 64, 29, NA, 951861,  X*
31, 34.0, 1171038, 377243, 8731, 10261, 11002, 14498, 3647, 3862, 30, 11, NA, 1600282,  X*
32, 35.0, 28603, 6211, 1873, 4284, 4654, 3168, 3388, 2792, 30, 14, NA, 54973,  X*
33, 36.0, 15702, 47210, 18515, 2969, 4551, 2506, 2063, 1155, 13, 13, NA, 94671,  X*
34, 37.0, 33182, 31382, 20658, 6561, 24020, 18447, 8203, 2795, 13, 21, NA, 145248,  X*
35, 38.0, 72725, 17781, 29874, 12005, 17640, 15402, 6511, 4734, 37, 47, NA, 176672,  X*
36, 39.0, 121105, 6758, 2172, 1047, 2540, 3148, 978, 411, 40, 41, NA, 138159,  X*
37, 40.0, 33950, 46839, 4088, 8791, 23624, 8001, 7018, 3156, 56, 34, NA, 135467,  X*
38, 41.0, 286880, 10858, 342, 4192, 2772, 3785, 1737, 711, 53, 30, NA, 311277,  X*
39, 42.0, 180212, 20460, 5188, 4085, 3970, 2358, 1575, 226, 38, 23, NA, 218074,  X*
40, 43.0, 530654, 507131, 220656, 170749, 62601, 35616, 29629, 9819, 14, 29, NA, 1566855,  X*
41, 44.0, 286941, 22447, 17755, 3610, 4572, 5007, 3781, 805, 13, 43, NA, 344918,  X*
42, 45.0, 649590, 102373, 13111, 8553, 4931, 9448, 4560, 5497, 1, 40, NA, 798063,  X*
43, 46.0, 1815092, 813395, 137535, 59514, 17966, 51128, 26952, 17345, 1, 37, NA, 2938927,  X*
44, 47.0, 248427, 70116, 8726, 4729, 4527, 3854, 1388, 3889, 1, 24, NA, 345656,  X*
45, 48.0, 273764, 61955, 5030, 6548, 7072, 6201, 5695, 1688, 1, 11, NA, 367953,  X*
46, 49.0, 67695, 18343, 10627, 26033, 6978, 4605, 4218, 1161, 1, 29, NA, 139660,  X*
47, 50.0, 41335, 24069, 15389, 7529, 7952, 9185, 1076, 2235, 10, 37, NA, 108770,  X*
48, 51.0, 14448, 24024, 15021, 20931, 9968, 3947, 2767, 1533, 13, 51, NA, 92639,  X*
49, 52.0, 95230, 38509, 10309, 7033, 7470, 10867, 3216, 2092, 23, 57, NA, 174726,  X*
50, 53.0, 85666, 32379, 7414, 23663, 10783, 13419, 3848, 1151, 34, 51, NA, 178323,  X*
51, 54.0, 116279, 11376, 25995, 23107, 8936, 8862, 2498, 918, 30, 61, NA, 197971,  X*
52, 55.0, 55703, 24385, 11356, 9649, 9167, 8421, 3907, 1980, 43, 56, NA, 124568,  X*
53, 56.0, 606048, 91092, 32322, 53631, 8377, 5587, 8659, 4538, 23, 64, NA, 810254,  X*
54, 57.0, 203810, 60522, 5804, 11122, 2736, 2553, 3235, 1649, 1, 57, NA, 291431,  X*
55, 58.0, 236717, 97656, 27147, 22883, 12766, 31384, 31511, 9750, 7, 44, NA, 469814,  X*
56, 59.0, 111396, 36743, 2017, 930, 1600, 7982, 5111, 898, 8, 24, NA, 166677,  X*
57, 60.0, 251416, 12251, 5139, 3361, 779, 5302, 3214, 968, 29, 21, NA, 282430,  X*
58, 61.0, 1666782, 1217079, 62300, 23350, 44934, 44643, 96729, 48411, 30, 10, NA, 3204228,  X*
59, 62.0, 242736, 22504, 4289, 11567, 826, 7256, 1677, 2271, 29, 13, NA, 293126,  X*
60, 63.0, 556769, 17572, 15141, 8706, 2897, 8093, 5716, 2231, 27, 37, NA, 617125,  X*
61, 64.0, 45257, 174580, 4310, 16326, 6685, 15934, 3640, 3310, 16, 21, NA, 270042,  X*
62, 65.0, 72998, 49982, 23518, 28670, 5256, 16934, 6243, 6164, 35, 43, NA, 209765,  X*
63, 66.0, 597055, 37563, 23682, 10369, 2716, 15300, 5959, 4507, 37, 44, NA, 697151,  X*
64, 67.0, 97754, 79626, 2983, 2444, 1672, 6699, 6164, 627, 26, 21, NA, 197969,  X*
65, 68.0, 224009, 9756, 4047, 3657, 1771, 1113, 997, 590, 23, 38, NA, 245940,  X*
66, 69.0, 45745, 35932, 9962, 7478, 15498, 30015, 7642, 11020, 37, 27, NA, 163292,  X*
67, 70.0, 48459, 49499, 29542, 26294, 14075, 6174, 3285, 5392, 23, 29, NA, 182720,  X*
68, 71.0, 56648, 85250, 37475, 3882, 12986, 14894, 3794, 2225, 26, 44, NA, 217154,  X*
69, 72.0, 53662, 60178, 13339, 13003, 13092, 8295, 2612, 1112, 30, 40, NA, 165293,  X*
70, 73.0, 20204, 56548, 3729, 54778, 10311, 9286, 6710, 1083, 11, 50, NA, 162649,  X*
71, 74.0, 31041, 26997, 14060, 22388, 7956, 9257, 3576, 1429, 20, 51, NA, 116704,  X*
72, 75.0, 126957, 26821, 3043, 9380, 9939, 17903, 3976, 2066, 35, 47, NA, 200085,  X*
73, 76.0, 49246, 37725, 22907, 9063, 11726, 18454, 2228, 1457, 44, 50, NA, 152806,  X*
74, 77.0, 48333, 27435, 12664, 26572, 10038, 5058, 2041, 1689, 43, 51, NA, 133830,  X*
75, 78.0, 11061, 22677, 3826, 24039, 6768, 10686, 935, 1321, 48, 50, NA, 81313,  X*
76, 79.0, 172447, 41257, 17449, 17056, 8075, 14190, 2934, 2997, 37, 56, NA, 276405,  X*
77, 80.0, 67304, 44429, 8787, 21171, 7666, 8907, 1668, 2403, 27, 57, NA, 162335,  X*
78, 81.0, 90015, 45929, 58587, 16790, 8750, 11312, 2371, 2851, 30, 60, NA, 236605,  X*
79, 82.0, 349470, 136480, 13213, 15958, 14237, 11218, 7210, 1589, 17, 48, NA, 549375,  X*
80, 83.0, 64104, 25240, 26541, 44415, 9606, 11790, 1876, 1523, 14, 56, NA, 185095,  X*
81, 84.0, 50215, 110536, 11206, 12714, 16501, 13593, 3074, 1563, 13, 47, NA, 219402,  X*
82, 85.0, 90165, 76643, 13839, 16727, 11539, 14799, 5047, 4125, 16, 35, NA, 232884,  X*
83, 86.0, 238598, 57707, 5466, 23228, 10182, 8017, 2412, 963, 21, 41, NA, 346573,  X*
84, 87.0, 44903, 39810, 10888, 11333, 5690, 3473, 1591, 1040, 11, 29, NA, 118728,  X*
85, 88.0, 1339372, 657547, 151218, 43824, 95881, 89876, 33747, 21194, 11, 34, NA, 2432659,  X*
86, 89.0, 206605, 30671, 3204, 2813, 2841, 888, 2638, 1631, 1, 27, NA, 251291,  X*
87, 90.0, 1311585, 540843, 65359, 48334, 11882, 24279, 5787, 3812, 1, 21, NA, 2011881,  X*
88, 91.0, 55184, 78996, 6857, 26096, 13983, 4463, 4264, 1469, 1, 20, NA, 191312,  X*
89, 92.0, 144900, 89581, 61107, 13290, 7266, 7286, 3145, 2002, 1, 30, NA, 328577,  X*
90, 93.0, 64666, 46161, 17547, 17013, 18388, 3864, 4710, 2245, 1, 41, NA, 174594,  X*
91, 94.0, 60147, 23812, 18073, 3257, 6033, 9343, 2791, 1463, 8, 51, NA, 124919,  X*
92, 95.0, 93396, 22536, 9843, 5422, 10518, 4473, 5507, 860, 17, 51, NA, 152555,  X*
93, 96.0, 52787, 56963, 48852, 6593, 3685, 12200, 3863, 1371, 27, 51, NA, 186314,  X*
94, 97.0, 621667, 81215, 17783, 10792, 6584, 10150, 3431, 1144, 34, 47, NA, 752766,  X*
95, 98.0, 41261, 76660, 18548, 3811, 10509, 17280, 2102, 1534, 30, 38, NA, 171705,  X*
96, 99.0, 38455, 68252, 14225, 4754, 8414, 5189, 3866, 1626, 24, 34, NA, 144781,  X*
97, 100.0, 91986, 49472, 16385, 21794, 7308, 6872, 3508, 616, 21, 30, NA, 197941,  X*
98, 101.0, 35563, 10699, 8151, 7973, 5934, 14960, 2142, 1113, 41, 37, NA, 86535,  X*
99, 102.0, 30753, 81483, 23819, 13202, 4385, 3692, 1181, 1683, 23, 43, NA, 160198,  X*
100, 103.0, 35738, 86758, 5151, 6718, 11689, 6085, 1649, 1328, 21, 37, NA, 155116,  X*
101, 104.0, 27850, 93574, 15107, 13114, 5768, 7034, 1182, 2010, 17, 29, NA, 165639,  X*
102, 105.0, 62633, 11788, 20124, 33215, 10470, 7426, 1556, 2226, 1, 41, NA, 149438,  X*
103, 106.0, 55000, 39628, 23412, 7270, 15528, 5005, 1079, 1583, 10, 41, NA, 148505,  X*
104, 107.0, 55910, 34845, 9498, 12579, 16794, 22237, 2211, 596, 29, 50, NA, 154670,  X*
105, 108.0, 35388, 25660, 9445, 5154, 3418, 6383, 1562, 1469, 41, 53, NA, 88479,  X*
106, 109.0, 56829, 90922, 1021, 5148, 5920, 5027, 827, 185, 34, 23, NA, 165879,  X*
107, 110.0, 37628, 140406, 6026, 46289, 13562, 4332, 1448, 1139, 21, 20, NA, 250830,  X*
108, 111.0, 108506, 84090, 26748, 2682, 11935, 14132, 1123, 1509, 10, 20, NA, 250725,  X*
109, 112.0, 47693, 21933, 9902, 7733, 5148, 7252, 3074, 1516, 13, 21, NA, 104251,  X*
110, 113.0, 68149, 15547, 1591, 37161, 6661, 6198, 2477, 580, 21, 48, NA, 138364,  X*
111, 114.0, 50816, 74549, 37832, 7169, 14134, 5781, 4327, 1818, 27, 51, NA, 196426,  X*
112, 115.0, 48284, 14903, 16502, 25302, 3503, 8793, 2013, 1114, 29, 67, NA, 120414,  X*
113, 116.0, 64987, 41345, 34563, 40315, 10156, 6978, 2371, 1381, 17, 77, NA, 202096,  X*
114, 117.0, 75585, 28987, 5398, 587, 2780, 2902, 991, 130, 13, 56, NA, 117360,  X*
115, 118.0, 65575, 76791, 39394, 76036, 11908, 6339, 2035, 986, 10, 64, NA, 279064,  X*
116, 119.0, 46081, 24308, 62723, 22893, 8082, 11782, 1244, 1937, 4, 67, NA, 179050,  X*
117, 120.0, 63242, 30907, 10548, 15631, 6834, 4542, 2225, 1330, 10, 60, NA, 135259,  X*
118, 121.0, 47786, 10623, 31441, 8310, 6529, 3545, 2017, 853, 8, 81, NA, 111104,  X*
119, 122.0, 94898, 72205, 9593, 7631, 12081, 11662, 1490, 1282, 21, 64, NA, 210842,  X*
120, 123.0, 44461, 24662, 7301, 9512, 8356, 3034, 1319, 850, 17, 53, NA, 99495,  X*
121, 124.0, 23246, 40187, 58499, 24865, 9042, 5097, 2050, 1249, 10, 61, NA, 164235,  X*
122, 125.0, 72607, 114010, 5587, 10377, 6223, 12391, 3719, 1401, 13, 37, NA, 226315,  X*
123, 126.0, 116201, 89383, 13261, 37521, 16790, 8425, 2408, 1254, 4, 44, NA, 285243,  X*
124, 127.0, 77529, 39499, 10875, 3722, 11353, 4874, 1537, 1174, 7, 40, NA, 150563,  X*
125, 128.0, 218756, 18840, 5247, 7499, 5323, 2512, 958, 493, 14, 27, NA, 259628,  X*
126, 129.0, 31396, 23178, 21292, 4057, 3076, 7151, 1044, 2183, 20, 44, NA, 93377,  X*
127, 130.0, 161800, 67913, 32873, 22228, 15450, 3998, 3636, 3429, 11, 48, NA, 311327,  X*
128, 131.0, 56591, 28468, 20505, 42241, 7043, 7787, 1822, 1485, 11, 63, NA, 165942,  X*
129, 132.0, 167439, 150107, 28609, 8565, 13353, 3360, 1674, 2456, 1, 56, NA, 375563,  X*
130, 133.0, 37925, 24944, 15336, 2882, 1835, 9549, 2157, 1020, 7, 54, NA, 95648,  X*
131, 134.0, 50136, 16238, 738, 2540, 2731, 1131, 425, 289, 14, 41, NA, 74228,  X*
132, 135.0, 42614, 59507, 40297, 13887, 8818, 13674, 1735, 1485, 20, 34, NA, 182017,  X*
133, 136.0, 101254, 55549, 36337, 77922, 22458, 7230, 2970, 1234, 27, 50, NA, 304954,  X*
134, 137.0, 479017, 21467, 1417, 10853, 2693, 2100, 1051, 483, 14, 48, NA, 519081,  X*
135, 138.0, 430676, 766094, 68551, 7236, 5133, 20626, 7227, 7434, 8, 43, NA, 1312977,  X*
136, 139.0, 669383, 64988, 17082, 28157, 6898, 12336, 2839, 3139, 7, 41, NA, 804822,  X*
137, 140.0, 73854, 42130, 29708, 5669, 8826, 5721, 5014, 1574, 11, 37, NA, 172496,  X*
138, 141.0, 176211, 38262, 10502, 14374, 5699, 9398, 3219, 1068, 20, 37, NA, 258733,  X*
139, 142.0, 12856, 25086, 10051, 80797, 13186, 29768, 1834, 1347, 41, 60, NA, 174925,  X*
140, 143.0, 70603, 33245, 16872, 15257, 29451, 3387, 1887, 1997, 35, 57, NA, 172699,  X*
141, 144.0, 66779, 74755, 12618, 7092, 11534, 8269, 1608, 795, 37, 48, NA, 183450,  X*
142, 145.0, 68863, 30011, 34806, 4332, 14625, 4628, 2528, 2075, 29, 53, NA, 161868,  X*
143, 146.0, 30673, 10960, 477, 2796, 3779, 2375, 1453, 907, 26, 35, NA, 53420,  X*
144, 147.0, 35720, 19712, 5326, 6305, 2685, 5026, 4403, 1741, 37, 34, NA, 80918,  X*
145, 148.0, 81158, 14612, 3445, 589, 1658, 869, 1357, 390, 27, 35, NA, 104078,  X*
146, 149.0, 35562, 20075, 16771, 9154, 3996, 3891, 1623, 1935, 30, 37, NA, 93007,  X*
147, 150.0, 46890, 22805, 10382, 13320, 7980, 7763, 3389, 572, 30, 47, NA, 113101,  X*
148, 151.0, 72708, 44207, 42336, 9090, 7228, 8095, 3012, 1869, 26, 53, NA, 188545,  X*
149, 152.0, 50424, 136866, 58048, 8299, 9195, 10752, 3140, 2265, 27, 60, NA, 278989,  X*
150, 153.0, 63821, 100720, 23988, 6872, 7808, 3756, 4055, 1436, 16, 50, NA, 212456,  X*
151, 154.0, 127494, 4456, 7248, 866, 2725, 3474, 537, 203, 20, 51, NA, 147003,  X*
152, 155.0, 27373, 58009, 14729, 663, 10299, 8744, 3500, 1324, 23, 40, NA, 124641,  X*
153, 156.0, 13676, 34705, 24413, 3573, 5859, 6745, 1492, 1975, 29, 41, NA, 92438,  X*
154, 157.0, 164901, 65078, 46266, 3666, 14341, 7723, 3771, 2000, 40, 48, NA, 307746,  X*
155, 158.0, 202590, 24032, 4230, 7455, 3394, 2846, 1076, 184, 27, 41, NA, 245807,  X*
156, 159.0, 56745, 57089, 11141, 7900, 3209, 5119, 2796, 1113, 21, 44, NA, 145112,  X*
157, 160.0, 37557, 36684, 32003, 5983, 6549, 17439, 1585, 1508, 27, 44, NA, 139308,  X*
158, 161.0, 22472, 61444, 4756, 9038, 3871, 13788, 2561, 1542, 38, 35, NA, 119472,  X*
159, 162.0, 23243, 66445, 26189, 10085, 7789, 12815, 1441, 2290, 41, 35, NA, 150297,  X*
160, 163.0, 69119, 45201, 17956, 17900, 3874, 11698, 3707, 848, 50, 41, NA, 170303,  X*
161, 164.0, 61462, 58546, 18850, 12337, 32668, 22436, 4996, 550, 51, 35, NA, 211845,  X*
162, 165.0, 67522, 8197, 9101, 8079, 974, 2223, 485, 188, 44, 53, NA, 96769,  X*
163, 166.0, 18462, 37844, 6425, 12888, 6435, 2494, 3544, 1823, 35, 53, NA, 89915,  X*
164, 167.0, 7582, 117442, 12650, 12692, 10245, 3019, 1378, 873, 14, 43, NA, 165881,  X*
165, 168.0, 45626, 107631, 3988, 8533, 14115, 6716, 1054, 1752, 1, 34, NA, 189415,  X*
166, 169.0, 47016, 65672, 12147, 6779, 9906, 10653, 2964, 1642, 4, 16, NA, 156779,  X*
167, 170.0, 77755, 51147, 47362, 19862, 12714, 17880, 1591, 2682, 16, 23, NA, 230993,  X*
168, 171.0, 22612, 96279, 5876, 11663, 8209, 4084, 1479, 1167, 21, 21, NA, 151369,  X*
169, 172.0, 73381, 60909, 10838, 20210, 5195, 9381, 3107, 3116, 27, 35, NA, 186137,  X*
170, 174.0, 46265, 21400, 13700, 2371, 17910, 3281, 1583, 874, 23, 40, NA, 107384,  X*
171, 175.0, 56364, 51821, 15514, 15845, 16240, 5381, 1835, 964, 14, 34, NA, 163964,  X*
172, 176.0, 199398, 122021, 31882, 33383, 10298, 11243, 3391, 1062, 20, 43, NA, 412678,  X*
173, 177.0, 9477, 42265, 13810, 10790, 10166, 18635, 2433, 1890, 27, 41, NA, 109466,  X*
174, 178.0, 82072, 22926, 14626, 1797, 1324, 1250, 316, 195, 20, 47, NA, 124506,  X*
175, 179.0, 6049, 27170, 11724, 10217, 3911, 7014, 2077, 1210, 27, 48, NA, 69372,  X*
176, 180.0, 85414, 15653, 703, 6921, 2512, 2906, 515, 280, 35, 47, NA, 114904,  X*
177, 181.0, 91922, 18185, 7607, 3739, 3231, 2060, 409, 636, 23, 50, NA, 127789,  X
178, 182.0, 84585, 28164, 15286, 7997, 7883, 3178, 1600, 1783, 29, 48, NA, 150476,  X
179, 183.0, 70245, 88606, 6527, 12646, 15307, 21762, 5310, 1728, 30, 37, NA, 222131,  X
180, 184.0, 196756, 635099, 399829, 188462, 115054, 31731, 60029, 39016, 16, 43, NA, 1665976,  X
181, 185.0, 522948, 53271, 5354, 15888, 16952, 5324, 4420, 1385, 16, 38, NA, 625542,  X
182, 186.0, 1234688, 70590, 20364, 15102, 4424, 4625, 868, 998, 13, 37, NA, 1351659,  X
183, 187.0, 72179, 37859, 7625, 19775, 2668, 4023, 2746, 503, 3, 48, NA, 147378,  X
184, 188.0, 45306, 37908, 11200, 5788, 6864, 4829, 1904, 1408, 14, 41, NA, 115207,  X
185, 189.0, 50729, 28499, 30869, 2484, 6086, 18612, 4127, 5048, 27, 50, NA, 146454,  X
186, 190.0, 26243, 52932, 25411, 4813, 13485, 16670, 15470, 6770, 43, 48, NA, 161794,  X
187, 191.0, 10926, 11494, 4610, 15386, 8358, 8509, 14830, 5564, 56, 48, NA, 79677,  X
188, 192.0, 148787, 113212, 39247, 5827, 31893, 6851, 9665, 7003, 50, 47, NA, 362485,  X
189, 193.0, 14619, 55029, 39805, 10465, 5135, 10041, 3829, 2811, 40, 47, NA, 141734,  X
190, 194.0, 18570, 25198, 7586, 13787, 2805, 10474, 6304, 3286, 40, 50, NA, 88010,  X
191, 195.0, 10472, 25251, 7569, 10312, 9298, 5640, 7919, 3660, 34, 48, NA, 80121,  X
192, 196.0, 131610, 20953, 8216, 4636, 2921, 2700, 3776, 863, 38, 53, NA, 175675,  X
193, 197.0, 7996, 17554, 1610, 1290, 11163, 10316, 8092, 3586, 54, 34, NA, 61607,  X
194, 198.0, 124069, 51638, 5210, 2574, 5448, 5993, 1662, 474, 47, 20, NA, 197068,  X
195, 199.0, 757347, 296712, 146644, 87825, 65295, 37908, 67423, 52463, 40, 23, NA, 1511617,  X
196, 200.0, 1073980, 262672, 86898, 29744, 25218, 39458, 45878, 17877, 43, 20, NA, 1581725,  X
197, 201.0, 2137601, 1547883, 75185, 271269, 246428, 167916, 288982, 52773, 26, 27, NA, 4788037,  X
198, 202.0, 1346698, 245985, 16634, 84460, 31070, 18847, 33984, 5563, 21, 37, NA, 1783241,  X
199, 203.0, 857749, 143231, 35265, 50289, 20866, 26210, 38858, 10034, 26, 35, NA, 1182502,  X
200, 204.0, 1156203, 223421, 31012, 38289, 15430, 29728, 26713, 11904, 26, 30, NA, 1532700,  X
201, 205.0, 1630980, 317007, 204027, 13752, 131363, 318019, 118850, 19452, 43, 37, NA, 2753450,  X
202, 206.0, 304247, 54535, 4233, 11291, 5534, 16311, 3288, 1128, 56, 30, NA, 400567,  X
203, 207.0, 634612, 53397, 3273, 1606, 6728, 4265, 1678, 299, 53, 14, NA, 705858,  X
204, 208.0, 29259, 28894, 13398, 4628, 9817, 5374, 8468, 2592, 53, 20, NA, 102430,  X
205, 209.0, 36718, 10144, 41766, 8447, 8855, 5394, 4952, 1360, 37, 38, NA, 117636,  X
206, 210.0, 85566, 41960, 6539, 1675, 9755, 3962, 2604, 1073, 26, 35, NA, 153134,  X
207, 211.0, 32706, 37340, 12000, 5381, 10596, 6828, 2147, 1845, 30, 50, NA, 108843,  X
208, 212.0, 92247, 26839, 24382, 7380, 11386, 10869, 3148, 3270, 35, 53, NA, 179521,  X
209, 213.0, 44323, 31205, 7239, 13536, 4921, 17606, 2601, 3719, 48, 38, NA, 125150,  X
210, 214.0, 260143, 93414, 11401, 6428, 4688, 9800, 5123, 1880, 50, 38, NA, 392877,  X
211, 215.0, 33492, 18305, 22639, 11892, 13400, 7505, 3803, 2023, 51, 48, NA, 113059,  X
212, 216.0, 43374, 34795, 6413, 9744, 10857, 13174, 3296, 2117, 54, 38, NA, 123770,  X
213, 217.0, 32407, 20898, 12286, 13982, 9187, 8305, 5521, 1231, 48, 43, NA, 103817,  X
214, 218.0, 40513, 15964, 6439, 6602, 6705, 9699, 1888, 1193, 61, 51, NA, 89003,  X
215, 219.0, 49888, 26001, 8220, 22818, 5106, 29411, 2353, 2927, 74, 47, NA, 146724,  X
216, 220.0, 56383, 51422, 50792, 6427, 12622, 6967, 1748, 4391, 60, 56, NA, 190752,  X
217, 221.0, 154598, 28809, 24722, 13741, 3544, 9036, 2005, 1080, 56, 60, NA, 237535,  X
218, 222.0, 41598, 28467, 3802, 11274, 10789, 5589, 4630, 1393, 47, 57, NA, 107542,  X
219, 223.0, 20858, 13634, 6332, 1360, 4297, 2781, 1897, 3594, 34, 56, NA, 54753,  X
220, 224.0, 20995, 25060, 2341, 5414, 8560, 3472, 3095, 1547, 37, 43, NA, 70484,  X
221, 225.0, 22882, 40591, 11314, 7723, 2212, 3692, 2331, 3356, 29, 37, NA, 94101,  X
222, 226.0, 63452, 64366, 9878, 12270, 10141, 7638, 5790, 2753, 26, 34, NA, 176288,  X
223, 227.0, 84300, 15083, 23073, 23669, 6370, 7490, 3765, 3099, 26, 47, NA, 166849,  X
224, 228.0, 157753, 83002, 26826, 12736, 14460, 13115, 5364, 1416, 26, 51, NA, 314672,  X
225, 229.0, 30409, 26480, 15416, 18386, 10881, 12658, 1353, 2299, 38, 54, NA, 117882,  X
226, 229.9, 43013, 84107, 9595, 12552, 14495, 13423, 3057, 5967, 43, 53, NA, 186209,  X
227, 231.0, 33444, 47490, 26747, 18806, 12250, 10347, 2421, 1188, 43, 44, NA, 152693,  X
228, 232.0, 36361, 40940, 13963, 25193, 9397, 13270, 2272, 2769, 47, 50, NA, 144165,  X
229, 233.0, 28222, 45682, 22459, 17919, 10503, 2970, 2721, 4058, 29, 48, NA, 134534,  X
230, 234.0, 16162, 90021, 12394, 12095, 8565, 17075, 6063, 1205, 30, 48, NA, 163580,  X
231, 235.0, 8686, 61120, 6972, 19996, 7157, 5623, 3124, 3092, 24, 43, NA, 115770,  X
232, 235.9, 23766, 76415, 15237, 17435, 12378, 9501, 12131, 2774, 20, 38, NA, 169637,  X
233, 237.0, 84077, 24025, 8838, 1006, 1215, 833, 615, 444, 16, 35, NA, 121053,  X
234, 238.0, 30664, 28055, 12022, 3184, 3024, 6288, 2833, 2773, 14, 41, NA, 88843,  X
235, 239.0, 42445, 80737, 4260, 4468, 4928, 9965, 6791, 3296, 21, 27, NA, 156890,  X
236, 240.0, 646483, 80208, 3003, 11232, 20869, 12344, 5524, 3250, 24, 20, NA, 782913,  X
237, 241.0, 139184, 40955, 9540, 5238, 13987, 8589, 2674, 2744, 43, 14, NA, 222911,  X
238, 242.0, 68311, 65907, 39372, 4101, 19123, 15812, 5507, 1741, 43, 14, NA, 219874,  X
239, 242.9, 70267, 24430, 21616, 15706, 5529, 3131, 5908, 2515, 35, 38, NA, 149102,  X
240, 244.0, 51819, 34223, 8057, 28539, 8100, 11201, 4033, 2694, 37, 53, NA, 148666,  X
241, 245.0, 47622, 50145, 14317, 22431, 6266, 42605, 12682, 2233, 47, 56, NA, 198301,  X
242, 246.0, 403275, 19711, 3190, 2484, 1760, 4481, 1338, 494, 48, 51, NA, 436733,  X
243, 247.0, 65506, 47757, 19516, 12567, 5175, 5990, 2319, 3597, 53, 44, NA, 162427,  X
244, 248.0, 111595, 127558, 64613, 11549, 7274, 5491, 5080, 2302, 37, 43, NA, 335462,  X
245, 249.0, 40990, 62748, 10625, 2794, 7729, 4517, 1776, 627, 14, 37, NA, 131806,  X
246, 250.0, 38217, 71468, 14800, 11149, 14711, 5147, 5587, 2534, 4, 38, NA, 163613,  X
247, 251.0, 36390, 35552, 7771, 5621, 12643, 4597, 3594, 2805, 7, 30, NA, 108973,  X
248, 251.9, 7219, 30105, 9033, 2598, 5523, 6318, 2741, 1704, 23, 24, NA, 65241,  X
249, 253.0, 27263, 65581, 6701, 6388, 11200, 2490, 2860, 1505, 17, 24, NA, 123988,  X
250, 254.0, 38427, 76176, 33513, 6169, 16273, 10118, 4864, 1589, 21, 27, NA, 187129,  X
251, 255.0, 125250, 9346, 10035, 3619, 4270, 2108, 1071, 222, 21, 38, NA, 155921,  X
252, 256.0, 27385, 81665, 72317, 7034, 6921, 7481, 5044, 881, 10, 48, NA, 208728,  X
253, 257.0, 77448, 24099, 12238, 10423, 9240, 26338, 5308, 1763, 38, 56, NA, 166857,  X
254, 257.9, 122589, 42376, 13966, 14388, 9856, 14988, 4417, 2169, 47, 56, NA, 224749,  X
255, 259.0, 54139, 40045, 14070, 12521, 12710, 7450, 1683, 1521, 48, 50, NA, 144139,  X
256, 260.0, 103201, 46921, 14694, 18825, 8196, 18895, 2842, 2976, 63, 44, NA, 216550,  X
257, 261.0, 5659, 96169, 12963, 4625, 15410, 7575, 6049, 1917, 43, 37, NA, 150367,  X
258, 262.0, 82538, 24058, 6732, 18077, 16116, 8872, 2594, 2286, 43, 40, NA, 161273,  X
259, 263.0, 59513, 17554, 4551, 1734, 1450, 2387, 339, 266, 43, 37, NA, 87794,  X
260, 264.0, 197035, 71521, 33327, 13686, 7532, 13091, 4210, 3273, 35, 37, NA, 343675,  X
261, 265.0, 106989, 140289, 20242, 11737, 28375, 4485, 3676, 3102, 24, 38, NA, 318895,  X
262, 266.0, 5650, 33263, 2360, 37972, 18112, 7792, 3096, 1824, 20, 40, NA, 110069,  X
263, 267.0, 317812, 6142, 6206, 3950, 2631, 1940, 726, 335, 21, 50, NA, 339742,  X
264, 268.0, 68301, 27571, 5187, 10466, 7280, 11099, 2276, 2095, 29, 48, NA, 134275,  X
265, 269.0, 71420, 37249, 17749, 15827, 22175, 7768, 2251, 2532, 44, 56, NA, 176971,  X
266, 270.0, 63775, 12469, 9591, 4149, 1262, 1701, 779, 207, 40, 57, NA, 93933,  X
267, 271.0, 41405, 45452, 9751, 20700, 16351, 7527, 1016, 2417, 37, 51, NA, 144619,  X
268, 272.0, 37745, 12732, 14542, 31329, 18648, 5421, 2483, 2369, 26, 63, NA, 125269,  X
269, 272.9, 92190, 37965, 5153, 21478, 22285, 12584, 1842, 928, 30, 61, NA, 194425,  X
270, 273.9, 87738, 201881, 9021, 47827, 9186, 6019, 2443, 1956, 21, 50, NA, 366071,  X
271, 275.0, 114348, 108272, 17078, 20267, 3697, 8546, 3873, 2391, 16, 48, NA, 278472,  X
272, 276.0, 73181, 101093, 13685, 43450, 4207, 3675, 4371, 1874, 4, 38, NA, 245536,  X
273, 277.0, 23336, 49232, 9167, 29792, 10409, 6390, 2350, 1222, 1, 41, NA, 131898,  X
274, 278.0, 71436, 6361, 2634, 6414, 2931, 1432, 306, 852, 8, 53, NA, 92366,  X
275, 278.9, 12610, 24610, 16461, 29769, 11848, 5658, 2684, 1406, 11, 64, NA, 105046,  X
276, 280.0, 34744, 87429, 4326, 7991, 5711, 10288, 1701, 2924, 24, 51, NA, 155114,  X
277, 281.0, 108295, 27282, 2026, 4433, 2068, 1472, 590, 532, 20, 41, NA, 146698,  X
278, 282.0, 45057, 117736, 14723, 7586, 5666, 8821, 2661, 541, 16, 26, NA, 202791,  X
279, 283.0, 46063, 18160, 13179, 16177, 9246, 5736, 868, 729, 20, 23, NA, 110158,  X
280, 284.0, 13040, 19243, 9985, 5037, 7373, 7859, 4590, 2729, 27, 35, NA, 69856,  X
281, 285.0, 40858, 36450, 20725, 4873, 8650, 7157, 5390, 1105, 37, 43, NA, 125208,  X
282, 287.0, 16370, 44389, 4371, 14587, 5595, 4606, 2226, 1451, 38, 51, NA, 93595,  X
283, 288.0, 488303, 224346, 7367, 21986, 14817, 48498, 5517, 4472, 41, 34, NA, 815306,  X
284, 289.0, 101239, 77725, 9458, 2330, 3430, 2775, 1014, 284, 21, 21, NA, 198255,  X
285, 290.0, 50370, 73474, 15723, 8315, 19157, 4103, 5700, 1902, 14, 16, NA, 178744,  X
286, 291.0, 9032, 15965, 10340, 6197, 5007, 2233, 3934, 646, 14, 23, NA, 53354,  X
287, 292.0, 162434, 57466, 4785, 18501, 8997, 5568, 1816, 1696, 4, 34, NA, 261263,  X
288, 293.0, 16777, 89368, 3696, 6786, 19838, 4795, 2896, 1028, 10, 29, NA, 145184,  X
289, 294.0, 91323, 32882, 44250, 10166, 25468, 9093, 2584, 1388, 16, 40, NA, 217154,  X
290, 295.0, 46019, 41549, 16872, 17644, 8867, 4043, 3075, 1783, 14, 38, NA, 139852,  X
291, 296.0, 35972, 135208, 11925, 5565, 7246, 7210, 4874, 858, 11, 29, NA, 208858,  X
292, 297.0, 48278, 42469, 5831, 2141, 7267, 8274, 5142, 1521, 23, 34, NA, 120923,  X
293, 298.0, 2140, 22175, 9483, 12368, 14712, 2335, 2569, 3210, 17, 29, NA, 68992,  X
294, 299.0, 61017, 119289, 13404, 26852, 13034, 2860, 2406, 1215, 8, 21, NA, 240077,  X
295, 300.0, 27344, 34229, 13872, 3036, 5450, 4253, 3568, 4247, 13, 34, NA, 95999,  X
296, 301.0, 12489, 22797, 5083, 19673, 5007, 4493, 4101, 1863, 8, 50, NA, 75506,  X
297, 302.0, 6936, 26352, 6141, 9114, 8316, 9775, 1374, 2467, 21, 44, NA, 70475,  X
298, 303.0, 31874, 9258, 28082, 5697, 15663, 6178, 3802, 1864, 41, 57, NA, 102418,  X
299, 304.0, 44057, 30086, 41783, 8695, 4353, 14187, 4477, 1332, 48, 66, NA, 148970,  X
300, 305.0, 33983, 18887, 2559, 4970, 6150, 10245, 5394, 3939, 61, 54, NA, 86127,  X
301, 306.0, 31024, 69002, 4164, 22141, 4418, 5232, 1913, 1508, 48, 54, NA, 139402,  X
302, 307.0, 48256, 31018, 18819, 4440, 7658, 12881, 2909, 746, 53, 47, NA, 126727,  X
303, 308.0, 26737, 44098, 31117, 9140, 6772, 13980, 1660, 2797, 51, 40, NA, 136301,  X
304, 309.0, 90116, 6435, 672, 1170, 1641, 4050, 883, 273, 53, 38, NA, 105240,  X
305, 310.0, 80198, 21443, 5733, 16027, 21260, 9812, 7576, 2277, 66, 40, NA, 164326,  X
306, 311.0, 99218, 58497, 43126, 31097, 14950, 9063, 5755, 2142, 53, 47, NA, 263848,  X
307, 312.0, 100075, 74593, 80616, 22478, 23735, 3496, 5736, 4116, 34, 51, NA, 314845,  X
308, 313.0, 10301, 29294, 11919, 16549, 4283, 4448, 1153, 1573, 16, 64, NA, 79520,  X
309, 314.0, 159499, 39614, 17559, 5908, 3846, 2124, 983, 458, 1, 66, NA, 229991,  X
310, 315.0, 50207, 115617, 12569, 3118, 9529, 7367, 2877, 1427, 1, 48, NA, 202711,  X
311, 316.0, 124132, 28932, 6591, 2529, 402, 907, 695, 777, 1, 37, NA, 164965,  X
312, 317.0, 14155, 14977, 73024, 6858, 9617, 4017, 2719, 2325, 1, 50, NA, 127692,  X
313, 318.0, 77533, 20005, 13978, 2148, 3122, 6828, 1908, 1283, 10, 50, NA, 126805,  X
314, 319.0, 19781, 65515, 7305, 23453, 9110, 9558, 3296, 1352, 16, 61, NA, 139370,  X
315, 320.0, 2320640, 242804, 163778, 55664, 196013, 141233, 57797, 30906, 40, 63, NA, 3208835,  X
316, 321.0, 1376058, 149455, 30014, 19355, 8210, 23306, 28423, 4483, 50, 41, NA, 1639304,  X
317, 322.0, 1220143, 80753, 10082, 22290, 2744, 5948, 2693, 1239, 37, 40, NA, 1345892,  X
318, 323.0, 1059460, 70591, 148050, 19915, 41828, 7963, 10042, 14068, 26, 51, NA, 1371917,  X
319, 323.9, 175193, 130779, 11430, 2991, 1324, 6225, 2816, 3243, 8, 40, NA, 334001,  X
320, 325.0, 544214, 352136, 28563, 120708, 17823, 30069, 10856, 7710, 1, 43, NA, 1112079,  X
321, 326.0, 456712, 39419, 7479, 10675, 4849, 4999, 2295, 978, 4, 41, NA, 527406,  X
322, 327.0, 1108481, 231359, 1788, 5008, 17379, 14654, 9515, 29140, 11, 10, NA, 1417324,  X
323, 328.0, 132205, 11848, 301, 697, 1303, 1483, 1162, 527, 20, 11, NA, 149526,  X
324, 329.0, 1162600, 474120, 111625, 48117, 10468, 21677, 19697, 9960, 14, 13, NA, 1858264,  X
325, 329.9, 1787731, 171502, 35733, 18264, 12761, 20338, 26211, 14500, 16, 13, NA, 2087040,  X
326, 330.9, 76477, 67804, 7372, 7554, 5898, 3114, 3720, 1378, 11, 29, NA, 173317,  X
327, 331.9, 385396, 7420, 7343, 381, 5426, 767, 1468, 867, 3, 47, NA, 409068,  X
328, 333.0, 1229015, 51523, 3581, 31660, 15029, 9434, 13190, 18962, 14, 50, NA, 1372394,  X
329, 334.0, 203987, 101890, 3341, 4973, 7606, 4506, 3930, 885, 7, 41, NA, 331118,  X
330, 334.9, 148077, 35122, 33144, 4574, 2316, 1646, 5059, 3497, 1, 53, NA, 233435,  X
331, 336.0, 1416606, 191147, 16788, 40700, 11653, 7841, 22052, 10170, 1, 48, NA, 1716957,  X
332, 336.9, 712222, 281054, 23629, 32955, 22988, 8564, 28357, 5812, 1, 41, NA, 1115581,  X
333, 337.9, 534301, 308629, 56292, 42337, 43791, 26199, 12829, 3356, 1, 50, NA, 1027734,  X
334, 338.9, 1631725, 46716, 9256, 38760, 10738, 14190, 9883, 11555, 7, 47, NA, 1772823,  X
335, 340.0, 891720, 34507, 3588, 14769, 5066, 3976, 3509, 3708, 14, 50, NA, 960843,  X
336, 340.9, 136041, 12189, 4915, 2268, 1790, 447, 514, 589, 13, 57, NA, 158753,  X
337, 342.0, 1153054, 71053, 38634, 35585, 36564, 25186, 8253, 9133, 23, 64, NA, 1377462,  X
338, 343.0, 233648, 268412, 33304, 75981, 26610, 14620, 12519, 5369, 11, 60, NA, 670463,  X
339, 343.9, 1484838, 88132, 12469, 7375, 8432, 9000, 17330, 6728, 11, 53, NA, 1634304,  X
340, 344.9, 149398, 116258, 3749, 24347, 31516, 13230, 8661, 5820, 24, 44, NA, 352979,  X
341, 346.0, 617147, 172525, 57798, 20926, 18171, 12761, 23359, 3927, 11, 41, NA, 926614,  X
342, 346.9, 1180885, 280400, 89641, 6968, 27852, 18416, 11700, 7525, 13, 40, NA, 1623387,  X
343, 347.9, 305094, 107921, 27160, 24541, 6776, 30562, 21070, 9870, 21, 44, NA, 532994,  X
344, 349.0, 129142, 87990, 8721, 4064, 4142, 4344, 2426, 2432, 14, 43, NA, 243261,  X
345, 349.9, 688822, 190473, 7379, 18535, 12968, 11750, 13218, 6409, 16, 34, NA, 949554,  X
346, 351.0, 456107, 188370, 30441, 16210, 39293, 11527, 19895, 9396, 16, 29, NA, 771239,  X
347, 351.9, 897120, 500394, 81479, 4033, 35772, 19169, 13701, 8384, 1, 23, NA, 1560052,  X
348, 353.0, 780268, 53605, 6039, 6626, 3012, 7742, 4800, 2363, 8, 26, NA, 864455,  X
349, 353.9, 263160, 53176, 6785, 4894, 4955, 6208, 3630, 2354, 14, 29, NA, 345162,  X
350, 354.9, 1334062, 105143, 89749, 38953, 27839, 25449, 24675, 17196, 21, 41, NA, 1663066,  X
351, 355.9, 1312682, 14381, 23683, 19959, 4936, 5253, 4803, 1817, 30, 61, NA, 1387514,  X
352, 356.9, 1088036, 71055, 34778, 18015, 22736, 13702, 18299, 8769, 29, 67, NA, 1275390,  X
353, 357.9, 858414, 541558, 119768, 40730, 23145, 9057, 11079, 6619, 14, 70, NA, 1610370,  X
354, 359.0, 1999057, 667907, 26174, 46523, 5092, 8267, 14426, 11490, 1, 54, NA, 2778936,  X
355, 359.9, 803376, 38694, 4371, 4841, 7875, 4800, 7193, 2428, 1, 37, NA, 873578,  X
356, 361.0, 497926, 123422, 19207, 17440, 8508, 11546, 17451, 15973, 1, 30, NA, 711473,  X
357, 362.0, 774255, 49959, 45598, 3886, 16111, 26016, 13411, 3851, 27, 37, NA, 933087,  X
358, 363.0, 918440, 684550, 119782, 41577, 38856, 42252, 43209, 12670, 40, 43, NA, 1901336,  X
359, 364.0, 736965, 322046, 20825, 91085, 83142, 15928, 15055, 4350, 30, 47, NA, 1289396,  X
360, 365.0, 2525182, 298392, 135329, 37209, 40810, 15386, 19743, 11901, 24, 51, NA, 3083952,  X
361, 366.0, 368244, 182695, 26757, 13558, 6728, 9466, 7676, 12674, 10, 43, NA, 627798,  X
362, 366.9, 264408, 44391, 12820, 4731, 5922, 5422, 12255, 4011, 13, 47, NA, 353960,  X
363, 368.0, 293944, 541645, 13988, 18095, 9619, 14919, 10608, 5282, 10, 35, NA, 908100,  X
364, 369.0, 321651, 169360, 15123, 5601, 1960, 5914, 13768, 13991, 8, 23, NA, 547368,  X
365, 370.0, 1331601, 308338, 81450, 49966, 25306, 46684, 31353, 25649, 16, 27, NA, 1900347,  X
366, 371.0, 2468088, 938374, 45153, 26410, 67353, 33299, 10096, 14076, 10, 16, NA, 3602849,  X
367, 372.0, 1110038, 86542, 69626, 48849, 35481, 41684, 17078, 5137, 27, 37, NA, 1414435,  X
368, 373.0, 2038102, 399837, 11597, 53936, 5666, 28885, 17530, 31569, 35, 38, NA, 2587122,  X
369, 374.0, 1276897, 72535, 43364, 82888, 21596, 42878, 21366, 11500, 40, 44, NA, 1573024,  X
370, 375.0, 2098559, 82736, 40947, 23061, 21272, 62772, 30026, 15192, 63, 60, NA, 2374565,  X
371, 375.9, 297497, 19026, 5240, 3042, 1852, 2251, 1729, 1140, 54, 53, NA, 331777,  X
372, 377.0, 1039747, 421880, 76775, 40780, 57433, 70085, 22962, 48252, 61, 56, NA, 1777914,  X
373, 377.9, 556694, 172038, 4945, 6794, 6252, 14158, 5124, 2861, 51, 35, NA, 768866,  X
374, 379.0, 123549, 309937, 13085, 62133, 33652, 29569, 42769, 18252, 37, 29, NA, 632946,  X
375, 379.9, 91935, 22353, 2995, 9034, 692, 1465, 1694, 598, 29, 30, NA, 130766,  X
376, 381.0, 580530, 486172, 64051, 94096, 80488, 46432, 44978, 11278, 24, 34, NA, 1408025,  X
377, 382.0, 1054988, 108874, 38901, 14549, 22001, 59219, 60575, 23313, 40, 47, NA, 1382420,  X
378, 383.0, 1066335, 57961, 22436, 5392, 1472, 7734, 7134, 3452, 41, 51, NA, 1171916,  X
379, 383.9, 944973, 216632, 138907, 20356, 30042, 42151, 32352, 28339, 51, 51, NA, 1453752,  X
380, 384.9, 417253, 335074, 57638, 91240, 13844, 54015, 17420, 32421, 54, 54, NA, 1018905,  X
381, 386.0, 873556, 94924, 39229, 10210, 25471, 10859, 12122, 4487, 40, 56, NA, 1070858,  X
382, 387.0, 210833, 65866, 9597, 43827, 12251, 13053, 4334, 3273, 41, 60, NA, 363034,  X
383, 388.0, 1597166, 494686, 61245, 47135, 68776, 64493, 34926, 14127, 40, 50, NA, 2382554,  X
384, 389.0, 378690, 116563, 11297, 13755, 10713, 18725, 13773, 4950, 41, 44, NA, 568466,  X
385, 390.0, 253545, 181254, 22368, 21175, 5082, 13171, 9110, 5214, 40, 40, NA, 510919,  X
386, 390.9, 44531, 39242, 3937, 937, 4185, 4483, 1379, 585, 40, 26, NA, 99279,  X
387, 391.9, 2029261, 86621, 14660, 28610, 13766, 18981, 7240, 8905, 41, 30, NA, 2208044,  X
388, 392.9, 135344, 20234, 1583, 7244, 3792, 1869, 1913, 449, 35, 37, NA, 172428,  X
389, 393.9, 555983, 134425, 34154, 14634, 7204, 20901, 20315, 9216, 41, 41, NA, 796832,  X
390, 395.0, 2058358, 371044, 104333, 64258, 44264, 48856, 61713, 55103, 40, 51, NA, 2807929,  X
391, 395.9, 494016, 20876, 6461, 3376, 3972, 8662, 1434, 889, 44, 50, NA, 539686,  X
392, 397.0, 224725, 5773, 4896, 879, 346, 2137, 392, 177, 54, 56, NA, 239325,  X
393, 397.9, 192429, 9825, 15792, 1420, 3436, 2674, 1485, 373, 53, 66, NA, 227434,  X
394, 398.9, 167016, 19792, 3182, 2676, 4718, 9855, 3472, 4555, 67, 60, NA, 215266,  X
395, 399.9, 176966, 241345, 18600, 25705, 22701, 9081, 5967, 5824, 48, 54, NA, 506189,  X
396, 401.0, 168934, 194127, 30584, 23496, 32533, 13029, 3138, 3723, 35, 47, NA, 469564,  X
397, 402.0, 79066, 59386, 14265, 8712, 7282, 3810, 1903, 1110, 27, 37, NA, 175534,  X
398, 402.9, 385725, 400421, 99585, 31961, 10361, 11536, 13624, 4639, 1, 43, NA, 957852,  X
399, 404.0, 367799, 208831, 9311, 29332, 17724, 24941, 28897, 5657, 11, 43, NA, 692492,  X
400, 404.9, 721116, 185128, 17607, 26955, 18744, 13667, 6526, 7046, 13, 41, NA, 996789,  X
401, 406.0, 87461, 99436, 25689, 31043, 28618, 17207, 37533, 5868, 23, 43, NA, 332855,  X
402, 406.9, 914686, 158545, 11974, 39119, 27839, 12047, 4856, 5361, 30, 40, NA, 1174427,  X
403, 408.0, 1718102, 147447, 10663, 11938, 10456, 19728, 14676, 11022, 34, 40, NA, 1944032,  X
404, 408.9, 124726, 19063, 15461, 24206, 10765, 10690, 10051, 5023, 43, 53, NA, 219985,  X
405, 410.0, 845997, 263824, 50602, 71701, 26887, 56917, 60134, 4428, 44, 51, NA, 1380490,  X
406, 411.0, 1484816, 432503, 46529, 49265, 48547, 56173, 44511, 18231, 50, 48, NA, 2180575,  X
407, 412.0, 525377, 112129, 15348, 5528, 5921, 7966, 14169, 10443, 43, 50, NA, 696881,  X
408, 413.0, 208909, 65371, 70282, 56027, 46334, 38066, 22113, 27179, 44, 48, NA, 534281,  X
409, 414.0, 3266598, 956204, 14986, 135641, 53604, 187941, 464603, 78159, 47, 40, NA, 5157736,  X
410, 415.0, 1545986, 154713, 40633, 23374, 11456, 47069, 17757, 6090, 53, 44, NA, 1847078,  X
411, 416.0, 339610, 86923, 33977, 10948, 4953, 4043, 2784, 1927, 47, 53, NA, 485165,  X
412, 417.0, 626983, 405661, 161016, 26182, 9037, 20433, 11229, 11004, 29, 48, NA, 1271545,  X
413, 418.0, 1415429, 158294, 14275, 36492, 32956, 76748, 11726, 6524, 38, 50, NA, 1752444,  X
414, 419.0, 30915, 56218, 6072, 2573, 5420, 6201, 4303, 1401, 30, 43, NA, 113103,  X
415, 420.0, 522783, 70696, 2672, 10319, 5003, 20922, 18622, 2287, 50, 34, NA, 653304,  X
416, 421.0, 400244, 216232, 12249, 9741, 8634, 23435, 19038, 7628, 60, 20, NA, 697201,  X
417, 422.0, 237559, 66561, 3814, 15167, 3858, 6544, 3392, 843, 44, 23, NA, 337738,  X
418, 423.0, 249385, 147823, 33450, 49316, 25791, 22120, 24684, 15186, 44, 34, NA, 567755,  X
419, 424.0, 541944, 51429, 72254, 12897, 13950, 14459, 5311, 7007, 37, 50, NA, 719251,  X
420, 425.0, 677956, 17351, 3332, 1156, 2843, 3975, 1538, 1422, 43, 57, NA, 709573,  X
421, 426.0, 1386601, 72025, 22303, 10860, 10517, 18060, 7715, 5356, 51, 60, NA, 1533437,  X
422, 427.0, 1577947, 1256170, 94823, 39915, 41890, 34145, 105226, 31108, 40, 48, NA, 3181224,  X
423, 428.0, 153054, 45869, 27828, 12431, 29443, 3044, 1897, 2427, 29, 41, NA, 275993,  X
424, 429.0, 35374, 30263, 8132, 8417, 18487, 17441, 11825, 6520, 37, 44, NA, 136459,  X
425, 430.0, 120613, 4297, 1684, 2745, 4963, 7179, 4460, 3046, 50, 41, NA, 148987,  X
426, 430.9, 624862, 123340, 22991, 17540, 19107, 10910, 11881, 8671, 57, 48, NA, 839302,  X
427, 432.0, 41339, 47000, 4486, 12777, 14600, 13492, 15032, 4942, 75, 41, NA, 153668,  X
428, 433.0, 18999, 14098, 41545, 35130, 7876, 27581, 21486, 1915, 70, 56, NA, 168630,  X
429, 434.0, 125162, 36151, 2630, 5303, 9225, 6439, 1547, 1023, 56, 53, NA, 187480,  X
430, 434.9, 44268, 28403, 6759, 19102, 35447, 28581, 14608, 6262, 75, 53, NA, 183430,  X
431, 435.9, 651187, 87095, 23191, 62528, 40626, 38886, 12606, 19495, 75, 60, NA, 935614,  X
432, 436.9, 437138, 12639, 4902, 1791, 5179, 4272, 5396, 2408, 74, 48, NA, 473725,  X
433, 438.0, 65220, 61074, 59228, 9483, 36717, 7849, 11159, 8389, 64, 60, NA, 259119,  X
434, 439.0, 450148, 198620, 7331, 31907, 8899, 31514, 7703, 10328, 53, 54, NA, 746450,  X
435, 439.9, 146702, 10430, 7996, 2332, 2534, 2832, 4574, 980, 48, 57, NA, 178380,  X
436, 441.0, 34927, 101102, 45325, 16204, 19032, 7958, 18743, 3668, 37, 61, NA, 246959,  X
437, 441.9, 2603147, 340115, 54877, 39906, 25236, 18821, 28464, 10101, 34, 53, NA, 3120667,  X
438, 442.9, 114679, 34189, 6509, 547, 3088, 5227, 6737, 1935, 30, 53, NA, 172911,  X
439, 443.9, 124965, 29818, 5214, 10340, 4128, 5782, 9861, 2597, 30, 48, NA, 192705,  X
440, 445.0, 598509, 145460, 62635, 11549, 8323, 23813, 21083, 5149, 38, 48, NA, 876521,  X
441, 445.9, 370880, 45610, 4515, 12420, 6375, 2491, 5013, 1360, 37, 50, NA, 448664,  X
442, 447.0, 602088, 77545, 33902, 23044, 38847, 38002, 28618, 4778, 43, 56, NA, 846824,  X
443, 447.9, 57394, 17451, 2029, 3895, 4110, 4731, 2317, 1897, 48, 51, NA, 93824,  X
444, 448.9, 299866, 99189, 3385, 17162, 30488, 11853, 9109, 3989, 47, 43, NA, 475041,  X
445, 449.9, 290931, 322734, 34654, 8926, 24597, 24981, 28235, 11600, 53, 35, NA, 746658,  X
446, 450.9, 83542, 33646, 30980, 26074, 19121, 13968, 8801, 8371, 47, 40, NA, 224503,  X
447, 451.9, 480309, 10831, 12182, 31115, 19722, 17530, 8285, 3604, 51, 51, NA, 583578,  X
448, 453.0, 36918, 47669, 30690, 8335, 17392, 13791, 2886, 3710, 54, 61, NA, 161391,  X
449, 454.0, 86028, 65704, 31203, 15030, 19013, 9384, 5342, 2359, 57, 75, NA, 234063,  X
450, 454.9, 225046, 166381, 12273, 30037, 19914, 12822, 3684, 8200, 50, 63, NA, 478357,  X
451, 456.0, 142031, 34836, 5511, 4588, 3844, 6286, 4530, 1822, 43, 51, NA, 203448,  X
452, 456.9, 21973, 65703, 5621, 6329, 8432, 13168, 5446, 11705, 43, 41, NA, 138377,  X
453, 458.0, 21906, 58641, 24594, 6400, 5891, 17119, 32035, 7511, 51, 40, NA, 174097,  X
454, 458.9, 61134, 21725, 56465, 15118, 27339, 25834, 14233, 4760, 63, 51, NA, 226608,  X
455, 459.9, 56543, 50001, 41300, 10413, 17474, 33812, 15186, 6328, 70, 57, NA, 231057,  X
456, 461.0, 655710, 17918, 10329, 19684, 33807, 17290, 3375, 6030, 80, 67, NA, 764143,  X
457, 461.9, 103144, 48554, 19354, 44783, 3926, 14373, 10747, 3246, 75, 75, NA, 248127,  X
458, 462.9, 154586, 18208, 13510, 7485, 6127, 6329, 2852, 726, 70, 70, NA, 209823,  X
459, 463.9, 179946, 89603, 7148, 10932, 6504, 6825, 2525, 1134, 54, 63, NA, 304617,  X
460, 464.9, 85520, 96439, 4936, 22302, 40065, 11048, 10127, 3958, 41, 56, NA, 274395,  X
461, 465.9, 80193, 131891, 1386, 17351, 10703, 17191, 8218, 3541, 40, 40, NA, 270474,  X
462, 466.9, 35613, 76299, 11254, 38090, 13339, 30381, 6695, 2919, 43, 35, NA, 214590,  X
463, 468.0, 57439, 198214, 6435, 20029, 42937, 13123, 6182, 10841, 41, 29, NA, 355200,  X
464, 468.9, 316515, 131662, 44536, 47768, 6131, 22344, 15275, 5818, 43, 40, NA, 590049,  X
465, 469.9, 1169733, 177552, 72963, 20069, 10582, 17605, 15178, 20222, 38, 51, NA, 1503904,  X
466, 470.9, 985096, 102623, 30991, 7110, 8018, 29213, 14448, 7137, 38, 48, NA, 1184636,  X
467, 471.9, 305703, 122049, 48162, 4404, 3082, 33174, 7970, 4492, 50, 57, NA, 529036,  X
468, 472.9, 112749, 58555, 3279, 2210, 3428, 6639, 2264, 951, 50, 40, NA, 190075,  X
469, 474.0, 1492068, 191758, 17895, 6671, 7357, 16325, 8859, 2653, 51, 27, NA, 1743586,  X
470, 474.9, 1522787, 296613, 336484, 136395, 14700, 39743, 13589, 6930, 38, 41, NA, 2367241,  X
471, 475.9, 874709, 39641, 17240, 33308, 19358, 23732, 8802, 4102, 40, 47, NA, 1020892,  X
472, 477.0, 42283, 20079, 45125, 25035, 11172, 7945, 15146, 4483, 38, 74, NA, 171268,  X
473, 477.9, 76449, 104011, 3496, 9913, 5632, 3559, 1618, 1398, 29, 75, NA, 206076,  X
474, 478.9, 122217, 28148, 3169, 3755, 6900, 4976, 1326, 1231, 38, 57, NA, 171722,  X
475, 479.9, 1148245, 130349, 14142, 60453, 8530, 7901, 12132, 3456, 23, 56, NA, 1385208,  X
476, 480.9, 496358, 42647, 12974, 42569, 8216, 26845, 6497, 6709, 34, 50, NA, 642815,  X
477, 481.9, 241746, 34008, 3207, 8067, 6342, 3725, 2535, 1719, 43, 56, NA, 301349,  X
478, 482.9, 78904, 20453, 10962, 61809, 13616, 9462, 10341, 4637, 40, 75, NA, 210184,  X
479, 483.9, 255663, 167453, 40124, 6257, 30551, 39960, 12881, 9147, 53, 66, NA, 562036,  X
480, 485.0, 259763, 107922, 40281, 17148, 8745, 16428, 22815, 5471, 44, 61, NA, 478573,  X
481, 486.0, 89808, 63393, 12131, 1236, 838, 9230, 5077, 1044, 48, 57, NA, 182757,  X
482, 486.9, 1598776, 76030, 15289, 11340, 10492, 25148, 5757, 12060, 56, 43, NA, 1754892,  X
483, 487.9, 425137, 333430, 14307, 11389, 28686, 151129, 74180, 16344, 64, 30, NA, 1054602,  X
484, 488.9, 1548531, 203326, 39464, 3797, 18960, 26664, 7182, 9832, 64, 23, NA, 1857756,  X
485, 489.9, 359946, 587340, 39257, 17292, 12912, 22626, 20903, 5023, 53, 16, NA, 1065299,  X
486, 491.0, 76927, 20398, 6011, 818, 22897, 24148, 18009, 1985, 64, 8, NA, 171193,  X
487, 491.9, 61438, 24023, 2240, 24526, 7683, 28998, 23584, 3569, 66, 26, NA, 176061,  X
488, 493.0, 86570, 105241, 2971, 11165, 19350, 40348, 9553, 5069, 77, 21, NA, 280267,  X
489, 493.9, 27776, 23697, 6221, 49350, 12930, 13125, 15713, 2574, 90, 43, NA, 151386,  X
490, 495.0, 769691, 34250, 20502, 46213, 12408, 5784, 17033, 6500, 66, 64, NA, 912381,  X
491, 496.0, 2193837, 132134, 105181, 37994, 38975, 32475, 41786, 13903, 51, 67, NA, 2596285,  X
492, 496.9, 94571, 54261, 19841, 14257, 23098, 36296, 12338, 4037, 53, 80, NA, 258699,  X
493, 497.9, 82147, 62625, 8340, 9332, 14850, 22527, 9704, 8914, 57, 64, NA, 218439,  X
494, 498.9, 225709, 10441, 9337, 20221, 8605, 8941, 11675, 2138, 69, 63, NA, 297067,  X
495, 499.9, 1612686, 546349, 166719, 86755, 49153, 89956, 48346, 17499, 69, 57, NA, 2617463,  X
496, 500.9, 190631, 41559, 3702, 17168, 1425, 3718, 9759, 758, 51, 60, NA, 268720,  X
497, 501.9, 932807, 56618, 31893, 21465, 27801, 18276, 8448, 5533, 48, 69, NA, 1102841,  X
498, 502.9, 1118453, 32462, 15388, 13671, 13266, 45313, 14491, 5290, 57, 60, NA, 1258334,  X
499, 503.9, 943095, 143573, 16834, 23457, 6520, 28636, 8742, 6626, 61, 54, NA, 1177483,  X
500, 504.9, 793185, 98664, 46764, 10499, 12393, 19203, 5228, 24073, 67, 54, NA, 1010009,  X
501, 505.9, 1721010, 70201, 27644, 4615, 10677, 24273, 14166, 5472, 70, 50, NA, 1878058,  X
502, 506.9, 1082254, 308180, 12702, 12268, 5212, 24450, 7960, 8421, 50, 38, NA, 1461447,  X
503, 507.9, 1692208, 273320, 136835, 36928, 13953, 43301, 19639, 12122, 47, 44, NA, 2228306,  X
504, 509.0, 406461, 99818, 26013, 12031, 15043, 15742, 5110, 4100, 44, 41, NA, 584318,  X
505, 509.9, 1620460, 37072, 4134, 16749, 29696, 21322, 8206, 6067, 50, 40, NA, 1743706,  X
506, 510.9, 104900, 739578, 109836, 27913, 19577, 83928, 94948, 16648, 53, 47, NA, 1197328,  X
507, 511.9, 643917, 143202, 20791, 5587, 6495, 15592, 10396, 1626, 53, 37, NA, 847606,  X
508, 512.9, 1811597, 460654, 77056, 31359, 20968, 57487, 46803, 9470, 51, 34, NA, 2515394,  X
509, 513.9, 1731768, 564337, 61591, 45016, 37663, 44107, 23461, 13046, 37, 29, NA, 2520989,  X
510, 514.9, 864762, 108272, 16743, 40808, 3486, 13849, 21777, 2621, 35, 38, NA, 1072318,  X
511, 515.9, 61351, 53425, 26593, 32122, 18400, 73378, 27092, 19235, 51, 47, NA, 311596,  X
512, 516.9, 280266, 93463, 43128, 10143, 19543, 13364, 10795, 1384, 51, 53, NA, 472086,  X
513, 518.0, 133567, 36425, 21477, 75326, 20950, 48000, 22619, 6198, 64, 66, NA, 364562,  X
514, 519.0, 262751, 95600, 98782, 10496, 20522, 18533, 5439, 4670, 66, 70, NA, 516793,  X
515, 519.9, 111990, 94415, 64692, 8310, 24954, 8530, 28433, 6966, 44, 74, NA, 348290,  X
516, 520.9, 617998, 159204, 10404, 38225, 8793, 11537, 8983, 3693, 40, 69, NA, 858837,  X
517, 521.9, 126864, 7519, 4301, 6264, 992, 2225, 1503, 1873, 30, 70, NA, 151541,  X
518, 523.0, 24220, 94527, 12507, 33458, 33012, 10681, 3479, 3729, 29, 63, NA, 215613,  X
519, 524.0, 250693, 76317, 18591, 12973, 16863, 10698, 13606, 3211, 35, 57, NA, 402952,  X
520, 525.0, 1284294, 119134, 85767, 5846, 4103, 14088, 9263, 4210, 37, 64, NA, 1526705,  X
521, 525.9, 214558, 29531, 6168, 3608, 2838, 5649, 2018, 1163, 38, 51, NA, 265533,  X
522, 526.9, 428640, 60657, 4304, 11222, 6602, 8488, 8700, 16331, 41, 48, NA, 544944,  X
523, 528.0, 1143840, 378060, 157725, 115323, 37898, 64174, 20585, 9539, 43, 53, NA, 1927144,  X
524, 528.9, 183098, 49035, 8216, 862, 1413, 13470, 2485, 631, 53, 40, NA, 259210,  X
525, 529.9, 1720767, 513642, 79771, 10784, 30518, 12696, 24601, 7236, 35, 37, NA, 2400015,  X
526, 530.9, 639533, 25019, 6123, 3178, 6960, 7244, 11520, 6632, 41, 38, NA, 706209,  X
527, 532.0, 2119282, 798038, 78700, 78446, 140397, 66057, 56161, 20537, 38, 26, NA, 3357618,  X
528, 532.9, 442957, 145597, 55864, 14762, 11655, 15962, 42787, 3202, 27, 37, NA, 732786,  X
529, 534.0, 109539, 25733, 11438, 11236, 4841, 8514, 4023, 476, 48, 47, NA, 175800,  X
530, 534.9, 508346, 83671, 5512, 7199, 7515, 5363, 5378, 2831, 37, 41, NA, 625815,  X
531, 535.9, 298311, 191115, 6962, 53757, 7431, 19712, 12115, 12394, 37, 47, NA, 601797,  X
532, 536.9, 2005343, 212363, 34063, 15219, 13879, 32412, 14642, 14065, 41, 40, NA, 2341986,  X
533, 537.9, 226902, 52649, 4873, 12541, 7442, 6254, 6212, 1567, 34, 34, NA, 318440,  X
534, 538.9, 114404, 23021, 2806, 1303, 8697, 8232, 2432, 4298, 50, 30, NA, 165193,  X
535, 539.9, 102947, 53776, 6455, 16816, 8015, 4736, 6986, 1504, 48, 34, NA, 201235,  X
536, 541.0, 251262, 26521, 59930, 33985, 24237, 31377, 7006, 5172, 54, 48, NA, 439490,  X
537, 541.9, 77395, 71373, 2659, 9943, 2450, 2539, 1280, 1062, 44, 44, NA, 168701,  X
538, 542.9, 79799, 9249, 1549, 3452, 2966, 2707, 1010, 725, 40, 53, NA, 101457,  X
539, 543.9, 880597, 20561, 2100, 5465, 1581, 3926, 1401, 1011, 48, 53, NA, 916642,  X
540, 544.9, 46744, 31825, 4161, 373, 1116, 1470, 1807, 394, 29, 35, NA, 87890,  X
541, 545.9, 133807, 56895, 16642, 18921, 16400, 22071, 16970, 4206, 48, 41, NA, 285912,  X
542, 547.0, 19804, 25310, 18827, 17084, 11282, 21410, 6366, 2183, 54, 47, NA, 122266,  X
543, 547.9, 28474, 22167, 15281, 30752, 26595, 10456, 5400, 2168, 54, 54, NA, 141293,  X
544, 548.9, 87417, 85042, 228, 14563, 20550, 11282, 13501, 5911, 63, 54, NA, 238494,  X
545, 549.9, 403450, 188361, 12284, 19453, 13716, 10246, 3540, 1800, 50, 48, NA, 652850,  X
546, 550.9, 888731, 125999, 24763, 45966, 10549, 70045, 25575, 17280, 50, 43, NA, 1208908,  X
547, 551.9, 465767, 142255, 15054, 12811, 28249, 14080, 15978, 11448, 44, 29, NA, 705642,  X
548, 552.9, 2065007, 153118, 39772, 46974, 31740, 28138, 25800, 5051, 44, 38, NA, 2395600,  X
549, 554.0, 177688, 5349, 6616, 6808, 2467, 4058, 2265, 819, 57, 54, NA, 206070,  X
550, 554.9, 256911, 50599, 8605, 1204, 1737, 11689, 1842, 2014, 53, 48, NA, 334601,  X
551, 555.9, 1037951, 170085, 50762, 19537, 12280, 12014, 9279, 3470, 48, 54, NA, 1315378,  X
552, 557.0, 124823, 209320, 24043, 10269, 18977, 26297, 4675, 2767, 47, 47, NA, 421171,  X
553, 557.9, 301953, 15803, 3739, 2660, 1617, 6858, 11465, 1057, 51, 35, NA, 345152,  X
554, 558.9, 475502, 38875, 3424, 4290, 7077, 9440, 5376, 499, 51, 35, NA, 544483,  X
555, 559.9, 375003, 70906, 6818, 848, 2727, 3405, 323, 676, 51, 23, NA, 460706,  X
556, 560.9, 955278, 260303, 14331, 5117, 19171, 40744, 9144, 5843, 53, 16, NA, 1309931,  X
557, 561.9, 308115, 120454, 34151, 5158, 11627, 10472, 4837, 3988, 40, 16, NA, 498802,  X
558, 562.9, 335378, 120102, 37756, 29076, 17321, 17125, 7189, 13639, 30, 26, NA, 577586,  X
559, 563.9, 1562381, 153576, 58199, 14061, 14931, 29509, 60295, 11880, 41, 37, NA, 1904832,  X
560, 564.9, 1750735, 122100, 29973, 10274, 13612, 64277, 20761, 4538, 51, 47, NA, 2016270,  X
561, 566.0, 104957, 91547, 451, 4318, 2535, 15255, 6626, 2683, 60, 30, NA, 228372,  X
562, 566.9, 214598, 19841, 1735, 1125, 2067, 3577, 1977, 2769, 63, 20, NA, 247689,  X
563, 567.9, 46160, 13360, 2678, 2145, 442, 3426, 914, 203, 66, 17, NA, 69328,  X
564, 568.9, 986005, 104329, 34184, 5127, 8092, 37547, 31625, 4060, 63, 20, NA, 1210969,  X
565, 569.9, 400959, 210035, 14004, 9863, 11886, 43641, 68847, 5532, 63, 24, NA, 764767,  X
566, 571.0, 696047, 7332, 3207, 2198, 1342, 9252, 10491, 1520, 78, 34, NA, 731389,  X
567, 571.9, 287519, 5603, 985, 2571, 978, 8042, 4183, 1580, 91, 30, NA, 311461,  X
568, 573.0, 309503, 127740, 23617, 11752, 6713, 29528, 9127, 6046, 90, 29, NA, 524026,  X
569, 573.9, 1333957, 277235, 25117, 3385, 21079, 37158, 39665, 4082, 87, 29, NA, 1741678,  X
570, 574.9, 164807, 30605, 5887, 883, 2079, 10880, 5929, 1329, 77, 24, NA, 222399,  X
571, 575.9, 1899891, 138143, 8227, 6995, 10002, 28152, 17175, 4667, 63, 16, NA, 2113252,  X
572, 576.9, 650928, 163200, 44210, 21161, 23381, 21026, 23860, 4246, 56, 21, NA, 952012,  X
573, 577.9, 624328, 144549, 46436, 20957, 10978, 41727, 15901, 3881, 61, 34, NA, 908757,  X
574, 578.9, 600386, 29764, 4865, 5203, 1099, 12264, 4073, 981, 61, 37, NA, 658635,  X
575, 579.9, 162663, 40830, 6878, 2892, 1687, 4869, 8436, 1182, 56, 43, NA, 229437,  X
576, 580.9, 1760470, 929248, 7404, 142455, 44160, 41562, 40994, 16373, 48, 37, NA, 2982666,  X
577, 582.0, 112581, 84388, 2926, 6825, 4657, 8985, 9809, 1892, 41, 26, NA, 232063,  X
578, 582.9, 1048113, 33883, 41382, 12205, 12784, 28538, 28129, 5335, 41, 35, NA, 1210369,  X
579, 583.9, 193142, 51175, 2332, 1797, 1959, 3218, 3856, 2190, 37, 27, NA, 259669,  X
580, 584.9, 212272, 31102, 8447, 3275, 2803, 9218, 2907, 2865, 53, 34, NA, 272889,  X
581, 585.9, 1137417, 145656, 60430, 25820, 13587, 68076, 7315, 10296, 63, 43, NA, 1468597,  X
582, 586.9, 171205, 72369, 7082, 2763, 1304, 8414, 3643, 659, 53, 27, NA, 267439,  X
583, 587.9, 1717291, 154773, 12215, 20459, 14493, 41657, 5790, 3666, 64, 35, NA, 1970344,  X
584, 589.0, 293776, 37691, 8843, 726, 3799, 5246, 1984, 504, 60, 30, NA, 352569,  X
585, 589.9, 1865824, 777595, 149793, 48393, 111956, 185991, 47983, 28065, 54, 24, NA, 3215600,  X
586, 590.9, 1220069, 179989, 4899, 27404, 8269, 61257, 4149, 6080, 64, 26, NA, 1512116,  X
587, 591.9, 1370433, 109267, 22801, 16218, 10235, 73511, 19081, 5774, 70, 27, NA, 1627320,  X
588, 592.9, 390131, 73290, 4837, 1714, 2732, 19547, 2859, 1300, 78, 17, NA, 496410,  X
589, 593.9, 99512, 54578, 15054, 11051, 2167, 12038, 1859, 1842, 75, 24, NA, 198101,  X
590, 594.9, 615802, 17199, 9669, 25278, 3549, 4099, 1620, 1064, 64, 44, NA, 678280,  X
591, 595.9, 509383, 216724, 17835, 35957, 11503, 33712, 17192, 6193, 53, 44, NA, 848499,  X
592, 597.0, 688598, 334258, 7367, 18213, 2364, 12431, 11514, 5174, 37, 44, NA, 1079919,  X
593, 598.0, 1171946, 86607, 20969, 11688, 17686, 13565, 16708, 15624, 35, 43, NA, 1354793,  X
594, 599.0, 604019, 34088, 5626, 13894, 4468, 4388, 4382, 3551, 34, 34, NA, 674416,  X
595, 600.0, 477135, 14102, 9424, 1804, 2557, 3075, 2801, 901, 34, 41, NA, 511799,  X
596, 601.0, 1870674, 365617, 101895, 120815, 29312, 94296, 48896, 36109, 47, 56, NA, 2667614,  X
597, 602.0, 1089610, 50997, 28791, 30730, 6172, 19404, 26673, 8318, 50, 64, NA, 1260695,  X
598, 603.0, 909160, 327313, 88464, 41681, 37028, 20924, 17374, 15060, 44, 63, NA, 1457004,  X
599, 604.0, 688136, 48247, 6132, 13074, 4700, 4048, 6730, 1599, 38, 60, NA, 772666,  X
600, 605.0, 162710, 53488, 9519, 1936, 1198, 7754, 1920, 1409, 37, 51, NA, 239934,  X
601, 606.0, 1200501, 114954, 26437, 26866, 21544, 26979, 6255, 8281, 35, 44, NA, 1431817,  X
602, 607.0, 376404, 118439, 41609, 16739, 11656, 7635, 13656, 9665, 35, 47, NA, 595803,  X
603, 607.9, 251286, 171811, 33603, 18191, 10233, 8875, 7888, 7285, 30, 44, NA, 509172,  X
604, 608.9, 446595, 95282, 4159, 11430, 3780, 5906, 3982, 4469, 23, 44, NA, 575603,  X
605, 608.9, 143849, 65395, 5549, 5186, 3126, 6160, 1459, 2006, 16, 37, NA, 232730,  X
